feature,importance
LogP,0.34301587435595043
MW,0.2970247143761617
HBD,0.18006517490603396
HBA,0.17989423636185392
